Compund,dG (kJ/mol)
MNXM1,-32.71924356
MNXM10,-2235.984147
MNXM348,-759.7514188
MNXM510,-2793.419266
MNXM8,-2263.894498